{
	"info": {
		"_postman_id": "b101e40d-b5fb-455a-8f46-563991c38f80",
		"name": "SECOND HAND",
		"schema": "https://schema.getpostman.com/json/collection/v2.1.0/collection.json"
	},
	"item": [
		{
			"name": "Auth",
			"item": [
				{
					"name": "Login",
					"request": {
						"method": "POST",
						"header": [],
						"body": {
							"mode": "raw",
							"raw": "{\r\n    \"email\": \"ariardiansyah101@gmail.com\",\r\n    \"password\": \"rahasia\" \r\n}",
							"options": {
								"raw": {
									"language": "json"
								}
							}
						},
						"url": {
							"raw": "{{base_url}}/api/v1/login",
							"host": [
								"{{base_url}}"
							],
							"path": [
								"api",
								"v1",
								"login"
							]
						}
					},
					"response": []
				},
				{
					"name": "Register",
					"request": {
						"method": "POST",
						"header": [],
						"body": {
							"mode": "raw",
							"raw": "{\r\n    \"name\": \"Ari A\",\r\n    \"email\": \"aritest@gmail.com\",\r\n    \"password\": \"rahasia\"\r\n}",
							"options": {
								"raw": {
									"language": "json"
								}
							}
						},
						"url": {
							"raw": "{{base_url}}/api/v1/register",
							"host": [
								"{{base_url}}"
							],
							"path": [
								"api",
								"v1",
								"register"
							]
						}
					},
					"response": []
				},
				{
					"name": "Forgot Password",
					"request": {
						"method": "POST",
						"header": [],
						"body": {
							"mode": "raw",
							"raw": "{\r\n    \"email\": \"ariardiansyah101@gmail.com\"\r\n}",
							"options": {
								"raw": {
									"language": "json"
								}
							}
						},
						"url": {
							"raw": "{{base_url}}/api/v1/forgot_password",
							"host": [
								"{{base_url}}"
							],
							"path": [
								"api",
								"v1",
								"forgot_password"
							]
						}
					},
					"response": []
				},
				{
					"name": "Verify OTP",
					"request": {
						"method": "POST",
						"header": [],
						"body": {
							"mode": "raw",
							"raw": "{\r\n    \"email\": \"ariardiansyah101@gmail.com\",\r\n    \"otp\": \"054334\"\r\n}",
							"options": {
								"raw": {
									"language": "json"
								}
							}
						},
						"url": {
							"raw": "{{base_url}}/api/v1/verify_otp",
							"host": [
								"{{base_url}}"
							],
							"path": [
								"api",
								"v1",
								"verify_otp"
							]
						}
					},
					"response": []
				},
				{
					"name": "Change Password",
					"request": {
						"method": "POST",
						"header": [],
						"body": {
							"mode": "raw",
							"raw": "{\r\n    \"uid\": \"dc66d475-bd57-4812-aaa6-e3a15c3997ea\",\r\n    \"password\": \"haha123\"\r\n}",
							"options": {
								"raw": {
									"language": "json"
								}
							}
						},
						"url": {
							"raw": "{{base_url}}/api/v1/change_password",
							"host": [
								"{{base_url}}"
							],
							"path": [
								"api",
								"v1",
								"change_password"
							]
						}
					},
					"response": []
				}
			]
		},
		{
			"name": "Notification",
			"item": [
				{
					"name": "Get All",
					"request": {
						"auth": {
							"type": "bearer",
							"bearer": [
								{
									"key": "token",
									"value": "{{token}}",
									"type": "string"
								}
							]
						},
						"method": "GET",
						"header": [],
						"url": {
							"raw": "{{base_url}}/api/v1/notification",
							"host": [
								"{{base_url}}"
							],
							"path": [
								"api",
								"v1",
								"notification"
							],
							"query": [
								{
									"key": "user_id",
									"value": "1",
									"disabled": true
								},
								{
									"key": "title",
									"value": "",
									"disabled": true
								},
								{
									"key": "page",
									"value": "1",
									"disabled": true
								},
								{
									"key": "limit",
									"value": "2",
									"disabled": true
								},
								{
									"key": "order",
									"value": "id:DESC",
									"disabled": true
								}
							]
						}
					},
					"response": []
				},
				{
					"name": "Find By ID",
					"request": {
						"auth": {
							"type": "bearer",
							"bearer": [
								{
									"key": "token",
									"value": "{{token}}",
									"type": "string"
								}
							]
						},
						"method": "GET",
						"header": [],
						"url": {
							"raw": "{{base_url}}/api/v1/notification/:id",
							"host": [
								"{{base_url}}"
							],
							"path": [
								"api",
								"v1",
								"notification",
								":id"
							],
							"variable": [
								{
									"key": "id",
									"value": "5"
								}
							]
						}
					},
					"response": []
				},
				{
					"name": "Create",
					"request": {
						"auth": {
							"type": "bearer",
							"bearer": [
								{
									"key": "token",
									"value": "{{token}}",
									"type": "string"
								}
							]
						},
						"method": "POST",
						"header": [],
						"body": {
							"mode": "raw",
							"raw": "{\r\n    \"user_id\": \"2\",\r\n    \"title\": \"wkwk\", \r\n    \"subtitle\": \"test\",\r\n    \"message\": \"Ini notifikasi wkwkw\",\r\n    \"path\": \"/product/1\",\r\n    \"image\": \"nama_gambar.png\"\r\n}",
							"options": {
								"raw": {
									"language": "json"
								}
							}
						},
						"url": {
							"raw": "{{base_url}}/api/v1/notification",
							"host": [
								"{{base_url}}"
							],
							"path": [
								"api",
								"v1",
								"notification"
							]
						}
					},
					"response": []
				},
				{
					"name": "Update",
					"request": {
						"auth": {
							"type": "bearer",
							"bearer": [
								{
									"key": "token",
									"value": "{{token}}",
									"type": "string"
								}
							]
						},
						"method": "PUT",
						"header": [],
						"body": {
							"mode": "raw",
							"raw": "{\r\n    \"user_id\": \"1\",\r\n    \"title\": \"test ubah\", \r\n    \"subtitle\": \"wkwkw\",\r\n    \"message\": \"test ubah\",\r\n    \"path\": \"test ubah\",\r\n    \"image\": \"test_ubah.png\"\r\n}",
							"options": {
								"raw": {
									"language": "json"
								}
							}
						},
						"url": {
							"raw": "{{base_url}}/api/v1/notification/:id",
							"host": [
								"{{base_url}}"
							],
							"path": [
								"api",
								"v1",
								"notification",
								":id"
							],
							"variable": [
								{
									"key": "id",
									"value": "1"
								}
							]
						}
					},
					"response": []
				},
				{
					"name": "Delete",
					"request": {
						"auth": {
							"type": "bearer",
							"bearer": [
								{
									"key": "token",
									"value": "{{token}}",
									"type": "string"
								}
							]
						},
						"method": "DELETE",
						"header": [],
						"body": {
							"mode": "raw",
							"raw": "",
							"options": {
								"raw": {
									"language": "json"
								}
							}
						},
						"url": {
							"raw": "{{base_url}}/api/v1/notification/:id",
							"host": [
								"{{base_url}}"
							],
							"path": [
								"api",
								"v1",
								"notification",
								":id"
							],
							"variable": [
								{
									"key": "id",
									"value": "1"
								}
							]
						}
					},
					"response": []
				},
				{
					"name": "Mark As Read",
					"protocolProfileBehavior": {
						"disableBodyPruning": true
					},
					"request": {
						"auth": {
							"type": "bearer",
							"bearer": [
								{
									"key": "token",
									"value": "{{token}}",
									"type": "string"
								}
							]
						},
						"method": "GET",
						"header": [],
						"body": {
							"mode": "raw",
							"raw": "",
							"options": {
								"raw": {
									"language": "json"
								}
							}
						},
						"url": {
							"raw": "{{base_url}}/api/v1/notification/mark_as_read/:id",
							"host": [
								"{{base_url}}"
							],
							"path": [
								"api",
								"v1",
								"notification",
								"mark_as_read",
								":id"
							],
							"variable": [
								{
									"key": "id",
									"value": "1"
								}
							]
						}
					},
					"response": []
				}
			]
		},
		{
			"name": "City",
			"item": [
				{
					"name": "Get All",
					"request": {
						"auth": {
							"type": "bearer",
							"bearer": [
								{
									"key": "token",
									"value": "{{token}}",
									"type": "string"
								}
							]
						},
						"method": "GET",
						"header": [],
						"url": {
							"raw": "{{base_url}}/api/v1/city",
							"host": [
								"{{base_url}}"
							],
							"path": [
								"api",
								"v1",
								"city"
							]
						}
					},
					"response": []
				},
				{
					"name": "Find By ID",
					"request": {
						"auth": {
							"type": "bearer",
							"bearer": [
								{
									"key": "token",
									"value": "{{token}}",
									"type": "string"
								}
							]
						},
						"method": "GET",
						"header": [],
						"url": {
							"raw": "{{base_url}}/api/v1/city/:id",
							"host": [
								"{{base_url}}"
							],
							"path": [
								"api",
								"v1",
								"city",
								":id"
							],
							"variable": [
								{
									"key": "id",
									"value": "1"
								}
							]
						}
					},
					"response": []
				},
				{
					"name": "Create",
					"request": {
						"auth": {
							"type": "bearer",
							"bearer": [
								{
									"key": "token",
									"value": "{{token}}",
									"type": "string"
								}
							]
						},
						"method": "POST",
						"header": [],
						"body": {
							"mode": "raw",
							"raw": "{\r\n    \"city\": \"Bandung\"\r\n}",
							"options": {
								"raw": {
									"language": "json"
								}
							}
						},
						"url": {
							"raw": "{{base_url}}/api/v1/city",
							"host": [
								"{{base_url}}"
							],
							"path": [
								"api",
								"v1",
								"city"
							]
						}
					},
					"response": []
				},
				{
					"name": "Update",
					"request": {
						"auth": {
							"type": "bearer",
							"bearer": [
								{
									"key": "token",
									"value": "{{token}}",
									"type": "string"
								}
							]
						},
						"method": "PUT",
						"header": [],
						"body": {
							"mode": "raw",
							"raw": "{\r\n    \"city\": \"Bandung2\"\r\n}",
							"options": {
								"raw": {
									"language": "json"
								}
							}
						},
						"url": {
							"raw": "{{base_url}}/api/v1/city/:id",
							"host": [
								"{{base_url}}"
							],
							"path": [
								"api",
								"v1",
								"city",
								":id"
							],
							"variable": [
								{
									"key": "id",
									"value": "1"
								}
							]
						}
					},
					"response": []
				},
				{
					"name": "Delete",
					"request": {
						"auth": {
							"type": "bearer",
							"bearer": [
								{
									"key": "token",
									"value": "{{token}}",
									"type": "string"
								}
							]
						},
						"method": "DELETE",
						"header": [],
						"url": {
							"raw": "{{base_url}}/api/v1/city/:id",
							"host": [
								"{{base_url}}"
							],
							"path": [
								"api",
								"v1",
								"city",
								":id"
							],
							"variable": [
								{
									"key": "id",
									"value": "1"
								}
							]
						}
					},
					"response": []
				}
			]
		},
		{
			"name": "Biodata",
			"item": [
				{
					"name": "Get By User ID",
					"request": {
						"auth": {
							"type": "bearer",
							"bearer": [
								{
									"key": "token",
									"value": "{{token}}",
									"type": "string"
								}
							]
						},
						"method": "GET",
						"header": [],
						"url": {
							"raw": "{{base_url}}/api/v1/biodata/:user_id",
							"host": [
								"{{base_url}}"
							],
							"path": [
								"api",
								"v1",
								"biodata",
								":user_id"
							],
							"variable": [
								{
									"key": "user_id",
									"value": "1"
								}
							]
						}
					},
					"response": []
				},
				{
					"name": "Update By User ID",
					"request": {
						"auth": {
							"type": "bearer",
							"bearer": [
								{
									"key": "token",
									"value": "{{token}}",
									"type": "string"
								}
							]
						},
						"method": "PUT",
						"header": [],
						"body": {
							"mode": "raw",
							"raw": "{\r\n    \"fullname\": \"Test Ubah\",\r\n    \"profile_picture\": \"uploads/profile/profile_picture-1655819034209-247114696.jpg\",\r\n    \"city_id\": 1,\r\n    \"address\": \"test\",\r\n    \"number_phone\": \"0838266\"\r\n}",
							"options": {
								"raw": {
									"language": "json"
								}
							}
						},
						"url": {
							"raw": "{{base_url}}/api/v1/biodata/:user_id",
							"host": [
								"{{base_url}}"
							],
							"path": [
								"api",
								"v1",
								"biodata",
								":user_id"
							],
							"variable": [
								{
									"key": "user_id",
									"value": "1"
								}
							]
						}
					},
					"response": []
				},
				{
					"name": "Upload Profile Pic",
					"request": {
						"auth": {
							"type": "bearer",
							"bearer": [
								{
									"key": "token",
									"value": "{{token}}",
									"type": "string"
								}
							]
						},
						"method": "POST",
						"header": [],
						"body": {
							"mode": "formdata",
							"formdata": [
								{
									"key": "profile_picture",
									"type": "file",
									"src": "/C:/Users/ariar.DAK/OneDrive/Pictures/68755qdut5ttfustiv-16484506144700720_七実_ロボ_着彩.jpg"
								},
								{
									"key": "uid",
									"value": "1d0e014c-a7bb-4631-98c0-501a121356a1",
									"type": "default"
								}
							]
						},
						"url": {
							"raw": "{{base_url}}/api/v1/biodata/upload-profile-pic",
							"host": [
								"{{base_url}}"
							],
							"path": [
								"api",
								"v1",
								"biodata",
								"upload-profile-pic"
							]
						}
					},
					"response": []
				}
			]
		},
		{
			"name": "Category",
			"item": [
				{
					"name": "Get All",
					"protocolProfileBehavior": {
						"disableBodyPruning": true
					},
					"request": {
						"auth": {
							"type": "bearer",
							"bearer": [
								{
									"key": "token",
									"value": "{{token}}",
									"type": "string"
								}
							]
						},
						"method": "GET",
						"header": [],
						"body": {
							"mode": "raw",
							"raw": "",
							"options": {
								"raw": {
									"language": "json"
								}
							}
						},
						"url": {
							"raw": "{{base_url}}/api/v1/category",
							"host": [
								"{{base_url}}"
							],
							"path": [
								"api",
								"v1",
								"category"
							]
						}
					},
					"response": []
				},
				{
					"name": "Find By ID",
					"protocolProfileBehavior": {
						"disableBodyPruning": true
					},
					"request": {
						"auth": {
							"type": "bearer",
							"bearer": [
								{
									"key": "token",
									"value": "{{token}}",
									"type": "string"
								}
							]
						},
						"method": "GET",
						"header": [],
						"body": {
							"mode": "raw",
							"raw": "",
							"options": {
								"raw": {
									"language": "json"
								}
							}
						},
						"url": {
							"raw": "{{base_url}}/api/v1/category/:id",
							"host": [
								"{{base_url}}"
							],
							"path": [
								"api",
								"v1",
								"category",
								":id"
							],
							"variable": [
								{
									"key": "id",
									"value": "1"
								}
							]
						}
					},
					"response": []
				},
				{
					"name": "Create",
					"request": {
						"auth": {
							"type": "bearer",
							"bearer": [
								{
									"key": "token",
									"value": "{{token}}",
									"type": "string"
								}
							]
						},
						"method": "POST",
						"header": [],
						"body": {
							"mode": "raw",
							"raw": "{\r\n    \"category\" : \"Hobi\"\r\n}",
							"options": {
								"raw": {
									"language": "json"
								}
							}
						},
						"url": {
							"raw": "{{base_url}}/api/v1/category",
							"host": [
								"{{base_url}}"
							],
							"path": [
								"api",
								"v1",
								"category"
							]
						}
					},
					"response": []
				},
				{
					"name": "Update",
					"request": {
						"auth": {
							"type": "bearer",
							"bearer": [
								{
									"key": "token",
									"value": "{{token}}",
									"type": "string"
								}
							]
						},
						"method": "PUT",
						"header": [],
						"body": {
							"mode": "raw",
							"raw": " {\"category\" : \"Elektronik\" }",
							"options": {
								"raw": {
									"language": "json"
								}
							}
						},
						"url": {
							"raw": "{{base_url}}/api/v1/category/:id",
							"host": [
								"{{base_url}}"
							],
							"path": [
								"api",
								"v1",
								"category",
								":id"
							],
							"variable": [
								{
									"key": "id",
									"value": "1"
								}
							]
						}
					},
					"response": []
				},
				{
					"name": "Delete",
					"request": {
						"auth": {
							"type": "bearer",
							"bearer": [
								{
									"key": "token",
									"value": "{{token}}",
									"type": "string"
								}
							]
						},
						"method": "DELETE",
						"header": [],
						"body": {
							"mode": "raw",
							"raw": "",
							"options": {
								"raw": {
									"language": "json"
								}
							}
						},
						"url": {
							"raw": "{{base_url}}/api/v1/category/:id",
							"host": [
								"{{base_url}}"
							],
							"path": [
								"api",
								"v1",
								"category",
								":id"
							],
							"variable": [
								{
									"key": "id",
									"value": "7"
								}
							]
						}
					},
					"response": []
				}
			]
		},
		{
			"name": "Product",
			"item": [
				{
					"name": "Get All",
					"request": {
						"auth": {
							"type": "bearer",
							"bearer": [
								{
									"key": "token",
									"value": "{{token}}",
									"type": "string"
								}
							]
						},
						"method": "GET",
						"header": [],
						"url": {
							"raw": "{{base_url}}/api/v1/product?category=1",
							"host": [
								"{{base_url}}"
							],
							"path": [
								"api",
								"v1",
								"product"
							],
							"query": [
								{
									"key": "product",
									"value": "product 1",
									"disabled": true
								},
								{
									"key": "page",
									"value": null,
									"disabled": true
								},
								{
									"key": "limit",
									"value": "2",
									"disabled": true
								},
								{
									"key": "order",
									"value": "id:DESC",
									"disabled": true
								},
								{
									"key": "category",
									"value": "1"
								}
							]
						}
					},
					"response": []
				},
				{
					"name": "Get All Public",
					"request": {
						"method": "GET",
						"header": [],
						"url": {
							"raw": "{{base_url}}/api/v1/product/public?product=&page&limit=&order=id:DESC&category=3,4",
							"host": [
								"{{base_url}}"
							],
							"path": [
								"api",
								"v1",
								"product",
								"public"
							],
							"query": [
								{
									"key": "product",
									"value": ""
								},
								{
									"key": "page",
									"value": null
								},
								{
									"key": "limit",
									"value": ""
								},
								{
									"key": "order",
									"value": "id:DESC"
								},
								{
									"key": "category",
									"value": "3,4"
								}
							]
						}
					},
					"response": []
				},
				{
					"name": "Find By ID",
					"request": {
						"auth": {
							"type": "bearer",
							"bearer": [
								{
									"key": "token",
									"value": "{{token}}",
									"type": "string"
								}
							]
						},
						"method": "GET",
						"header": [],
						"url": {
							"raw": "{{base_url}}/api/v1/product/:id",
							"host": [
								"{{base_url}}"
							],
							"path": [
								"api",
								"v1",
								"product",
								":id"
							],
							"variable": [
								{
									"key": "id",
									"value": "6"
								}
							]
						}
					},
					"response": []
				},
				{
					"name": "Create",
					"request": {
						"auth": {
							"type": "bearer",
							"bearer": [
								{
									"key": "token",
									"value": "{{token}}",
									"type": "string"
								}
							]
						},
						"method": "POST",
						"header": [],
						"body": {
							"mode": "raw",
							"raw": "{\r\n    \"product\": \"Test Barang\",\r\n    \"price\": \"5000\",\r\n    \"category_id\": \"1\",\r\n    \"description\": \"ini product 6\",\r\n    \"status\": 1,\r\n    \"pictures\": [\r\n        \"uploads/product/pictures-1655900295570-610286145.jpg\",\r\n        \"uploads/product/pictures-1655900295585-840343761.jpg\",\r\n        \"uploads/product/pictures-1655900295589-869210671.jpg\"\r\n    ]\r\n}",
							"options": {
								"raw": {
									"language": "json"
								}
							}
						},
						"url": {
							"raw": "{{base_url}}/api/v1/product",
							"host": [
								"{{base_url}}"
							],
							"path": [
								"api",
								"v1",
								"product"
							]
						}
					},
					"response": []
				},
				{
					"name": "Update",
					"request": {
						"auth": {
							"type": "bearer",
							"bearer": [
								{
									"key": "token",
									"value": "{{token}}",
									"type": "string"
								}
							]
						},
						"method": "PUT",
						"header": [],
						"body": {
							"mode": "raw",
							"raw": "{\r\n    \"product\": \"Test Barang Ubah\",\r\n    \"price\": \"5000\",\r\n    \"category_id\": \"1\",\r\n    \"description\": \"ini product ubah\",\r\n    \"status\": 1,\r\n    \"pictures\": [\r\n        \"uploads/product/pictures-1655900295570-610286145.jpg\",\r\n        \"uploads/product/pictures-1655900555616-390879801.jpg\"\r\n    ]\r\n}",
							"options": {
								"raw": {
									"language": "json"
								}
							}
						},
						"url": {
							"raw": "{{base_url}}/api/v1/product/:id",
							"host": [
								"{{base_url}}"
							],
							"path": [
								"api",
								"v1",
								"product",
								":id"
							],
							"variable": [
								{
									"key": "id",
									"value": "6"
								}
							]
						}
					},
					"response": []
				},
				{
					"name": "Delete",
					"request": {
						"auth": {
							"type": "bearer",
							"bearer": [
								{
									"key": "token",
									"value": "{{token}}",
									"type": "string"
								}
							]
						},
						"method": "DELETE",
						"header": [],
						"body": {
							"mode": "raw",
							"raw": "",
							"options": {
								"raw": {
									"language": "json"
								}
							}
						},
						"url": {
							"raw": "{{base_url}}/api/v1/product/:id",
							"host": [
								"{{base_url}}"
							],
							"path": [
								"api",
								"v1",
								"product",
								":id"
							],
							"variable": [
								{
									"key": "id",
									"value": "6"
								}
							]
						}
					},
					"response": []
				},
				{
					"name": "Upload Picture",
					"request": {
						"auth": {
							"type": "bearer",
							"bearer": [
								{
									"key": "token",
									"value": "{{token}}",
									"type": "string"
								}
							]
						},
						"method": "POST",
						"header": [],
						"body": {
							"mode": "formdata",
							"formdata": [
								{
									"key": "pictures",
									"type": "file",
									"src": "/C:/Users/ariar.DAK/OneDrive/Pictures/13nld3ofwz9gwa7w0a-16534792687115.jpg"
								}
							]
						},
						"url": {
							"raw": "{{base_url}}/api/v1/product/upload-pics/",
							"host": [
								"{{base_url}}"
							],
							"path": [
								"api",
								"v1",
								"product",
								"upload-pics",
								""
							]
						}
					},
					"response": []
				},
				{
					"name": "Delete Picture",
					"request": {
						"auth": {
							"type": "bearer",
							"bearer": [
								{
									"key": "token",
									"value": "{{token}}",
									"type": "string"
								}
							]
						},
						"method": "DELETE",
						"header": [],
						"body": {
							"mode": "raw",
							"raw": "",
							"options": {
								"raw": {
									"language": "json"
								}
							}
						},
						"url": {
							"raw": "{{base_url}}/api/v1/product/delete-pics/:id",
							"host": [
								"{{base_url}}"
							],
							"path": [
								"api",
								"v1",
								"product",
								"delete-pics",
								":id"
							],
							"variable": [
								{
									"key": "id",
									"value": "12"
								}
							]
						}
					},
					"response": []
				}
			]
		},
		{
			"name": "Wishlist",
			"item": [
				{
					"name": "Get All",
					"request": {
						"auth": {
							"type": "bearer",
							"bearer": [
								{
									"key": "token",
									"value": "{{token}}",
									"type": "string"
								}
							]
						},
						"method": "GET",
						"header": [],
						"url": {
							"raw": "{{base_url}}/api/v1/wishlist?product_id=&user_id&page=&limit=&order=id:ASC",
							"host": [
								"{{base_url}}"
							],
							"path": [
								"api",
								"v1",
								"wishlist"
							],
							"query": [
								{
									"key": "product_id",
									"value": ""
								},
								{
									"key": "user_id",
									"value": null
								},
								{
									"key": "page",
									"value": ""
								},
								{
									"key": "limit",
									"value": ""
								},
								{
									"key": "order",
									"value": "id:ASC"
								}
							]
						}
					},
					"response": []
				},
				{
					"name": "Find By ID",
					"request": {
						"auth": {
							"type": "bearer",
							"bearer": [
								{
									"key": "token",
									"value": "{{token}}",
									"type": "string"
								}
							]
						},
						"method": "GET",
						"header": [],
						"url": {
							"raw": "{{base_url}}/api/v1/wishlist/:id",
							"host": [
								"{{base_url}}"
							],
							"path": [
								"api",
								"v1",
								"wishlist",
								":id"
							],
							"variable": [
								{
									"key": "id",
									"value": "1"
								}
							]
						}
					},
					"response": []
				},
				{
					"name": "Create",
					"request": {
						"auth": {
							"type": "bearer",
							"bearer": [
								{
									"key": "token",
									"value": "{{token}}",
									"type": "string"
								}
							]
						},
						"method": "POST",
						"header": [],
						"body": {
							"mode": "raw",
							"raw": "{\r\n    \"product_id\": 12,\r\n    \"user_id\": 1\r\n}",
							"options": {
								"raw": {
									"language": "json"
								}
							}
						},
						"url": {
							"raw": "{{base_url}}/api/v1/wishlist",
							"host": [
								"{{base_url}}"
							],
							"path": [
								"api",
								"v1",
								"wishlist"
							]
						}
					},
					"response": []
				},
				{
					"name": "Delete",
					"request": {
						"auth": {
							"type": "bearer",
							"bearer": [
								{
									"key": "token",
									"value": "{{token}}",
									"type": "string"
								}
							]
						},
						"method": "DELETE",
						"header": [],
						"body": {
							"mode": "raw",
							"raw": "",
							"options": {
								"raw": {
									"language": "json"
								}
							}
						},
						"url": {
							"raw": "{{base_url}}/api/v1/wishlist/:id",
							"host": [
								"{{base_url}}"
							],
							"path": [
								"api",
								"v1",
								"wishlist",
								":id"
							],
							"variable": [
								{
									"key": "id",
									"value": "1"
								}
							]
						}
					},
					"response": []
				}
			]
		},
		{
			"name": "Transaction",
			"item": [
				{
					"name": "Get All",
					"request": {
						"auth": {
							"type": "bearer",
							"bearer": [
								{
									"key": "token",
									"value": "{{token}}",
									"type": "string"
								}
							]
						},
						"method": "GET",
						"header": [],
						"url": {
							"raw": "{{base_url}}/api/v1/transaction",
							"host": [
								"{{base_url}}"
							],
							"path": [
								"api",
								"v1",
								"transaction"
							],
							"query": [
								{
									"key": "seller_id",
									"value": "",
									"disabled": true
								},
								{
									"key": "buyer_id",
									"value": "",
									"disabled": true
								},
								{
									"key": "bid_status",
									"value": null,
									"disabled": true
								},
								{
									"key": "transaction_status",
									"value": "1",
									"disabled": true
								},
								{
									"key": "product",
									"value": null,
									"disabled": true
								},
								{
									"key": "page",
									"value": "1",
									"disabled": true
								},
								{
									"key": "limit",
									"value": "2",
									"disabled": true
								},
								{
									"key": "order",
									"value": "",
									"disabled": true
								}
							]
						}
					},
					"response": []
				},
				{
					"name": "Find By ID",
					"request": {
						"auth": {
							"type": "bearer",
							"bearer": [
								{
									"key": "token",
									"value": "{{token}}",
									"type": "string"
								}
							]
						},
						"method": "GET",
						"header": [],
						"url": {
							"raw": "{{base_url}}/api/v1/transaction/:id",
							"host": [
								"{{base_url}}"
							],
							"path": [
								"api",
								"v1",
								"transaction",
								":id"
							],
							"query": [
								{
									"key": "seller_id",
									"value": "",
									"disabled": true
								},
								{
									"key": "buyer_id",
									"value": "",
									"disabled": true
								},
								{
									"key": "bid_status",
									"value": null,
									"disabled": true
								},
								{
									"key": "transaction_status",
									"value": null,
									"disabled": true
								},
								{
									"key": "product",
									"value": null,
									"disabled": true
								},
								{
									"key": "page",
									"value": "1",
									"disabled": true
								},
								{
									"key": "limit",
									"value": "2",
									"disabled": true
								},
								{
									"key": "order",
									"value": "",
									"disabled": true
								}
							],
							"variable": [
								{
									"key": "id",
									"value": "1"
								}
							]
						}
					},
					"response": []
				},
				{
					"name": "Buyer Bid",
					"request": {
						"auth": {
							"type": "bearer",
							"bearer": [
								{
									"key": "token",
									"value": "{{token}}",
									"type": "string"
								}
							]
						},
						"method": "POST",
						"header": [],
						"body": {
							"mode": "raw",
							"raw": "{\r\n    \"product_id\": \"5\",\r\n    \"bid_price\": \"500\"\r\n}",
							"options": {
								"raw": {
									"language": "json"
								}
							}
						},
						"url": {
							"raw": "{{base_url}}/api/v1/transaction/buyer/bid",
							"host": [
								"{{base_url}}"
							],
							"path": [
								"api",
								"v1",
								"transaction",
								"buyer",
								"bid"
							]
						}
					},
					"response": []
				},
				{
					"name": "Seller Change Status Bid",
					"request": {
						"auth": {
							"type": "bearer",
							"bearer": [
								{
									"key": "token",
									"value": "{{token}}",
									"type": "string"
								}
							]
						},
						"method": "PUT",
						"header": [],
						"body": {
							"mode": "raw",
							"raw": "{\r\n    \"bid_status\": \"2\"\r\n}",
							"options": {
								"raw": {
									"language": "json"
								}
							}
						},
						"url": {
							"raw": "{{base_url}}/api/v1/transaction/seller/change_status/bid/:id",
							"host": [
								"{{base_url}}"
							],
							"path": [
								"api",
								"v1",
								"transaction",
								"seller",
								"change_status",
								"bid",
								":id"
							],
							"variable": [
								{
									"key": "id",
									"value": "1"
								}
							]
						}
					},
					"response": []
				},
				{
					"name": "Seller Change Status",
					"request": {
						"auth": {
							"type": "bearer",
							"bearer": [
								{
									"key": "token",
									"value": "{{token}}",
									"type": "string"
								}
							]
						},
						"method": "PUT",
						"header": [],
						"body": {
							"mode": "raw",
							"raw": "{\r\n    \"transaction_status\": \"1\"\r\n}",
							"options": {
								"raw": {
									"language": "json"
								}
							}
						},
						"url": {
							"raw": "{{base_url}}/api/v1/transaction/seller/change_status/:id",
							"host": [
								"{{base_url}}"
							],
							"path": [
								"api",
								"v1",
								"transaction",
								"seller",
								"change_status",
								":id"
							],
							"variable": [
								{
									"key": "id",
									"value": "2"
								}
							]
						}
					},
					"response": []
				},
				{
					"name": "Delete",
					"request": {
						"auth": {
							"type": "bearer",
							"bearer": [
								{
									"key": "token",
									"value": "{{token}}",
									"type": "string"
								}
							]
						},
						"method": "DELETE",
						"header": [],
						"body": {
							"mode": "raw",
							"raw": "",
							"options": {
								"raw": {
									"language": "json"
								}
							}
						},
						"url": {
							"raw": "{{base_url}}/api/v1/transaction/:id",
							"host": [
								"{{base_url}}"
							],
							"path": [
								"api",
								"v1",
								"transaction",
								":id"
							],
							"variable": [
								{
									"key": "id",
									"value": "1"
								}
							]
						}
					},
					"response": []
				}
			]
		}
	]
}